date,winner,ben_score,dylan_score,time
2017-11-30,Dylan,5,10,2017-12-01T06:52:58Z
2017-11-30,Dylan,14,18,2017-12-01T06:52:58Z
2017-11-30,Dylan,5,18,2017-12-01T06:52:58Z
2017-11-30,Dylan,11,14,2017-12-01T06:52:58Z
2017-12-01,Ben,13,11,2017-12-01T06:52:58Z
2017-12-01,Ben,14,9,2017-12-01T06:52:58Z
2017-12-01,Dylan,6,14,2017-12-01T06:52:58Z
2017-12-01,Ben,8,6,2017-12-01T06:52:58Z
2017-12-01,Dylan,8,8,2017-12-01T06:52:58Z
2017-12-01,Dylan,5,13,2017-12-01T06:52:58Z
2017-12-02,Ben,11,5,2017-12-01T06:52:58Z
2017-12-02,Dylan,2,20,2017-12-01T06:52:58Z
2017-12-03,Ben,14,13,2017-12-01T06:52:58Z
2017-12-03,Ben,21,8,2017-12-01T06:52:58Z
2017-12-03,Ben,12,4,2017-12-01T06:52:58Z
2017-12-03,Ben,18,16,2017-12-01T06:52:58Z
2017-12-04,Dylan,10,13,2017-12-01T06:52:58Z
2017-12-04,Dylan,1,16,2017-12-01T06:52:58Z
2017-12-04,Ben,16,11,2017-12-01T06:52:58Z
2017-12-05,Dylan,15,18,2017-12-01T06:52:58Z
2017-12-05,Ben,4,2,2017-12-01T06:52:58Z
2017-12-05,Ben,21,20,2017-12-01T06:52:58Z
2017-12-05,Dylan,15,19,2017-12-01T06:52:58Z
2017-12-05,Ben,15,4,2017-12-01T06:52:58Z
2017-12-05,Ben,16,14,2017-12-01T06:52:58Z
2017-12-05,Ben,14,8,2017-12-01T06:52:59Z
2017-12-06,Dylan,9,21,2017-12-01T06:52:59Z
2017-12-06,Dylan,16,17,2017-12-01T06:52:59Z
2017-12-06,Dylan,2,4,2017-12-01T06:52:59Z
2017-12-07,Ben,12,10,2017-12-01T06:52:59Z
2017-12-07,Ben,12,9,2017-12-01T06:52:59Z
2017-12-07,Dylan,12,18,2017-12-01T06:52:59Z
2017-12-07,Ben,13,12,2017-12-01T06:52:59Z
2017-12-07,Ben,18,5,2017-12-01T06:52:59Z
2017-12-07,Dylan,20,21,2017-12-01T06:52:59Z
2017-12-08,Ben,5,2,2017-12-01T06:52:59Z
2017-12-08,Dylan,12,18,2017-12-01T06:52:59Z
2017-12-08,Dylan,3,12,2017-12-01T06:52:59Z
2017-12-08,Ben,16,10,2017-12-01T06:52:59Z
2017-12-09,Ben,21,1,2017-12-01T06:52:59Z
2017-12-09,Ben,12,10,2017-12-01T06:52:59Z
2017-12-09,Dylan,3,16,2017-12-01T06:52:59Z
2017-12-09,Dylan,17,17,2017-12-01T06:52:59Z
2017-12-09,Dylan,7,10,2017-12-01T06:52:59Z
2017-12-10,Ben,21,18,2017-12-01T06:52:59Z
2017-12-10,Dylan,7,13,2017-12-01T06:52:59Z
2017-12-11,Dylan,1,8,2017-12-01T06:52:59Z
2017-12-11,Dylan,15,21,2017-12-01T06:52:59Z
2017-12-11,Dylan,14,15,2017-12-01T06:52:59Z
2017-12-11,Dylan,5,10,2017-12-01T06:52:59Z
2017-12-11,Ben,20,3,2017-12-01T06:52:59Z
2017-12-11,Dylan,6,15,2017-12-01T06:52:59Z
2017-12-12,Ben,10,4,2017-12-01T06:52:59Z
2017-12-12,Ben,20,2,2017-12-01T06:52:59Z
2017-12-12,Ben,2,1,2017-12-01T06:52:59Z
2017-12-12,Dylan,2,20,2017-12-01T06:52:59Z
2017-12-12,Ben,14,5,2017-12-01T06:52:59Z
2017-12-12,Ben,17,10,2017-12-01T06:52:59Z
2017-12-13,Dylan,8,11,2017-12-01T06:52:59Z
2017-12-13,Ben,6,3,2017-12-01T06:52:59Z
2017-12-13,Ben,6,4,2017-12-01T06:52:59Z
2017-12-13,Dylan,1,8,2017-12-01T06:52:59Z
2017-12-13,Ben,15,7,2017-12-01T06:52:59Z
2017-12-13,Dylan,18,18,2017-12-01T06:52:59Z
2017-12-13,Ben,14,8,2017-12-01T06:52:59Z
2017-12-14,Dylan,12,14,2017-12-01T06:52:59Z
2017-12-14,Dylan,3,15,2017-12-01T06:52:59Z
2017-12-14,Dylan,12,16,2017-12-01T06:52:59Z
2017-12-14,Dylan,8,19,2017-12-01T06:52:59Z
2017-12-14,Dylan,2,9,2017-12-01T06:52:59Z
2017-12-15,Ben,13,5,2017-12-01T06:52:59Z
2017-12-15,Dylan,7,20,2017-12-01T06:52:59Z
2017-12-15,Dylan,13,13,2017-12-01T06:52:59Z
2017-12-15,Ben,10,6,2017-12-01T06:52:59Z
2017-12-16,Ben,21,16,2017-12-01T06:52:59Z
2017-12-16,Dylan,1,16,2017-12-01T06:52:59Z
2017-12-16,Ben,21,20,2017-12-01T06:52:59Z
2017-12-17,Dylan,3,4,2017-12-01T06:52:59Z
2017-12-18,Ben,11,2,2017-12-01T06:52:59Z
2017-12-18,Dylan,3,6,2017-12-01T06:52:59Z
2017-12-18,Ben,13,7,2017-12-01T06:52:59Z
2017-12-18,Dylan,12,15,2017-12-01T06:52:59Z
2017-12-18,Ben,9,8,2017-12-01T06:52:59Z
2017-12-18,Ben,14,2,2017-12-01T06:52:59Z
2017-12-18,Dylan,7,10,2017-12-01T06:52:59Z
2017-12-19,Dylan,9,16,2017-12-01T06:53:00Z
2017-12-20,Ben,19,2,2017-12-01T06:53:00Z
2017-12-21,Dylan,9,21,2017-12-01T06:53:00Z
2017-12-21,Ben,18,17,2017-12-01T06:53:00Z
2017-12-21,Ben,6,2,2017-12-01T06:53:00Z
2017-12-22,Dylan,1,20,2017-12-01T06:53:00Z
2017-12-22,Dylan,7,17,2017-12-01T06:53:00Z
2017-12-22,Ben,14,4,2017-12-01T06:53:00Z
2017-12-22,Ben,11,3,2017-12-01T06:53:00Z
2017-12-22,Dylan,1,9,2017-12-01T06:53:00Z
2017-12-22,Dylan,8,20,2017-12-01T06:53:00Z
2017-12-23,Ben,10,9,2017-12-01T06:53:00Z
2017-12-23,Ben,19,1,2017-12-01T06:53:00Z
2017-12-24,Ben,12,5,2017-12-01T06:53:00Z
2017-12-24,Ben,13,9,2017-12-01T06:53:00Z
2017-12-24,Ben,19,7,2017-12-01T06:53:00Z
2017-12-25,Dylan,12,15,2017-12-01T06:53:00Z
2017-12-25,Ben,3,2,2017-12-01T06:53:00Z
2017-12-25,Dylan,19,20,2017-12-01T06:53:00Z
2017-12-25,Dylan,6,11,2017-12-01T06:53:00Z
2017-12-25,Dylan,10,16,2017-12-01T06:53:00Z
2017-12-26,Ben,19,16,2017-12-01T06:53:00Z
2017-12-27,Dylan,18,19,2017-12-01T06:53:00Z
2017-12-28,Dylan,2,12,2017-12-01T06:53:00Z
2017-12-28,Ben,6,5,2017-12-01T06:53:00Z
2017-12-29,Ben,10,4,2017-12-01T06:53:00Z
2017-12-29,Dylan,9,10,2017-12-01T06:53:00Z
2017-12-29,Dylan,8,12,2017-12-01T06:53:00Z
2017-12-29,Ben,13,8,2017-12-01T06:53:00Z
2017-12-29,Dylan,5,14,2017-12-01T06:53:00Z
2017-12-29,Dylan,13,21,2017-12-01T06:53:00Z
2017-12-29,Dylan,17,20,2017-12-01T06:53:00Z
2017-12-30,Dylan,7,11,2017-12-01T06:53:00Z
2017-12-30,Dylan,9,10,2017-12-01T06:53:00Z
2017-12-31,Ben,12,7,2017-12-01T06:53:00Z
2017-12-31,Dylan,7,21,2017-12-01T06:53:00Z
2017-12-31,Ben,18,10,2017-12-01T06:53:00Z
2017-12-31,Dylan,2,19,2017-12-01T06:53:00Z
2017-12-31,Ben,20,1,2017-12-01T06:53:00Z
2017-12-31,Ben,15,6,2017-12-01T06:53:00Z
2018-01-01,Ben,21,20,2017-12-01T06:53:00Z
2018-01-02,Dylan,3,14,2017-12-01T06:53:00Z
2018-01-03,Ben,15,12,2017-12-01T06:53:00Z
2018-01-03,Ben,9,3,2017-12-01T06:53:00Z
2018-01-03,Dylan,3,8,2017-12-01T06:53:00Z
2018-01-03,Ben,12,4,2017-12-01T06:53:00Z
2018-01-04,Ben,10,4,2017-12-01T06:53:00Z
2018-01-04,Dylan,10,18,2017-12-01T06:53:00Z
2018-01-05,Ben,21,11,2017-12-01T06:53:00Z
2018-01-05,Dylan,6,6,2017-12-01T06:53:00Z
2018-01-05,Ben,17,9,2017-12-01T06:53:00Z
2018-01-05,Ben,11,6,2017-12-01T06:53:00Z
2018-01-05,Ben,14,7,2017-12-01T06:53:00Z
2018-01-05,Ben,18,12,2017-12-01T06:53:00Z
2018-01-06,Dylan,5,5,2017-12-01T06:53:00Z
2018-01-06,Dylan,6,16,2017-12-01T06:53:00Z
2018-01-06,Dylan,3,16,2017-12-01T06:53:00Z
2018-01-06,Ben,11,5,2017-12-01T06:53:00Z
2018-01-07,Ben,6,3,2017-12-01T06:53:00Z
2018-01-08,Ben,11,10,2017-12-01T06:53:00Z
2018-01-08,Dylan,17,17,2017-12-01T06:53:00Z
2018-01-08,Dylan,1,19,2017-12-01T06:53:00Z
2018-01-09,Dylan,11,14,2017-12-01T06:53:01Z
2018-01-09,Ben,11,5,2017-12-01T06:53:01Z
2018-01-09,Dylan,7,10,2017-12-01T06:53:01Z
2018-01-09,Dylan,2,7,2017-12-01T06:53:01Z
2018-01-10,Ben,21,3,2017-12-01T06:53:01Z
2018-01-10,Dylan,14,15,2017-12-01T06:53:01Z
2018-01-10,Ben,9,5,2017-12-01T06:53:01Z
2018-01-10,Dylan,16,21,2017-12-01T06:53:01Z
2018-01-11,Dylan,5,14,2017-12-01T06:53:01Z
2018-01-12,Dylan,3,6,2017-12-01T06:53:01Z
2018-01-12,Ben,14,13,2017-12-01T06:53:01Z
2018-01-12,Dylan,8,19,2017-12-01T06:53:01Z
2018-01-13,Dylan,2,19,2017-12-01T06:53:01Z
2018-01-13,Dylan,4,9,2017-12-01T06:53:01Z
2018-01-13,Dylan,6,7,2017-12-01T06:53:01Z
2018-01-13,Dylan,18,21,2017-12-01T06:53:01Z
2018-01-13,Dylan,10,15,2017-12-01T06:53:01Z
2018-01-13,Ben,11,8,2017-12-01T06:53:01Z
2018-01-13,Dylan,18,21,2017-12-01T06:53:01Z
2018-01-14,Dylan,6,20,2017-12-01T06:53:01Z
2018-01-14,Ben,10,7,2017-12-01T06:53:01Z
2018-01-15,Dylan,2,12,2017-12-01T06:53:01Z
2018-01-15,Ben,17,15,2017-12-01T06:53:01Z
2018-01-15,Dylan,13,19,2017-12-01T06:53:01Z
2018-01-15,Ben,16,15,2017-12-01T06:53:01Z
2018-01-15,Dylan,10,15,2017-12-01T06:53:01Z
2018-01-15,Ben,19,10,2017-12-01T06:53:01Z
2018-01-16,Dylan,13,13,2017-12-01T06:53:01Z
2018-01-16,Ben,16,9,2017-12-01T06:53:01Z
2018-01-16,Ben,21,17,2017-12-01T06:53:01Z
2018-01-16,Dylan,7,11,2017-12-01T06:53:01Z
2018-01-16,Ben,21,6,2017-12-01T06:53:01Z
2018-01-17,Dylan,6,8,2017-12-01T06:53:01Z
2018-01-17,Ben,13,3,2017-12-01T06:53:01Z
2018-01-17,Ben,19,8,2017-12-01T06:53:01Z
2018-01-17,Ben,14,11,2017-12-01T06:53:01Z
2018-01-18,Dylan,5,17,2017-12-01T06:53:01Z
2018-01-18,Ben,15,13,2017-12-01T06:53:01Z
2018-01-18,Ben,20,9,2017-12-01T06:53:01Z
2018-01-18,Dylan,15,15,2017-12-01T06:53:01Z
2018-01-19,Ben,10,3,2017-12-01T06:53:01Z
2018-01-19,Dylan,3,20,2017-12-01T06:53:01Z
2018-01-19,Dylan,3,7,2017-12-01T06:53:01Z
2018-01-19,Dylan,9,15,2017-12-01T06:53:01Z
2018-01-19,Ben,10,6,2017-12-01T06:53:01Z
2018-01-20,Dylan,9,14,2017-12-01T06:53:01Z
2018-01-20,Dylan,10,19,2017-12-01T06:53:01Z
2018-01-20,Ben,12,7,2017-12-01T06:53:01Z
2018-01-20,Dylan,8,17,2017-12-01T06:53:01Z
2018-01-20,Dylan,7,18,2017-12-01T06:53:01Z
2018-01-20,Dylan,6,19,2017-12-01T06:53:01Z
2018-01-20,Ben,17,10,2017-12-01T06:53:01Z
2018-01-21,Ben,21,19,2017-12-01T06:53:01Z
2018-01-21,Ben,21,5,2017-12-01T06:53:01Z
2018-01-21,Ben,18,11,2017-12-01T06:53:01Z
2018-01-21,Dylan,2,19,2017-12-01T06:53:01Z
2018-01-21,Dylan,2,12,2017-12-01T06:53:01Z
2018-01-21,Ben,21,16,2017-12-01T06:53:01Z
2018-01-22,Dylan,4,15,2017-12-01T06:53:01Z
2018-01-22,Dylan,17,17,2017-12-01T06:53:01Z
2018-01-22,Ben,8,6,2017-12-01T06:53:01Z
2018-01-22,Ben,11,6,2017-12-01T06:53:02Z
2018-01-22,Dylan,5,17,2017-12-01T06:53:02Z
2018-01-22,Dylan,4,11,2017-12-01T06:53:02Z
2018-01-23,Ben,15,3,2017-12-01T06:53:02Z
2018-01-23,Dylan,15,17,2017-12-01T06:53:02Z
2018-01-23,Dylan,3,3,2017-12-01T06:53:02Z
2018-01-23,Ben,17,13,2017-12-01T06:53:02Z
2018-01-23,Ben,9,1,2017-12-01T06:53:02Z
2018-01-24,Dylan,11,12,2017-12-01T06:53:02Z
2018-01-25,Dylan,6,21,2017-12-01T06:53:02Z
2018-01-25,Ben,12,6,2017-12-01T06:53:02Z
2018-01-25,Ben,18,8,2017-12-01T06:53:02Z
2018-01-25,Ben,17,4,2017-12-01T06:53:02Z
2018-01-25,Dylan,9,11,2017-12-01T06:53:02Z
2018-01-25,Ben,17,11,2017-12-01T06:53:02Z
2018-01-25,Dylan,8,9,2017-12-01T06:53:02Z
2018-01-26,Dylan,4,21,2017-12-01T06:53:02Z
2018-01-26,Dylan,7,7,2017-12-01T06:53:02Z
2018-01-26,Dylan,10,10,2017-12-01T06:53:02Z
2018-01-26,Ben,8,6,2017-12-01T06:53:02Z
2018-01-26,Ben,15,5,2017-12-01T06:53:02Z
2018-01-26,Ben,12,1,2017-12-01T06:53:02Z
2018-01-27,Dylan,2,18,2017-12-01T06:53:02Z
2018-01-27,Dylan,9,16,2017-12-01T06:53:02Z
2018-01-27,Ben,14,4,2017-12-01T06:53:02Z
2018-01-27,Dylan,14,18,2017-12-01T06:53:02Z
2018-01-28,Dylan,2,21,2017-12-01T06:53:02Z
2018-01-28,Ben,19,4,2017-12-01T06:53:02Z
2018-01-28,Ben,17,9,2017-12-01T06:53:02Z
2018-01-29,Dylan,12,21,2017-12-01T06:53:02Z
2018-01-29,Ben,18,2,2017-12-01T06:53:02Z
2018-01-29,Ben,20,19,2017-12-01T06:53:02Z
2018-01-30,Ben,13,10,2017-12-01T06:53:02Z
2018-01-31,Dylan,6,16,2017-12-01T06:53:02Z
2018-01-31,Ben,19,12,2017-12-01T06:53:02Z
2018-01-31,Ben,5,1,2017-12-01T06:53:02Z
2018-01-31,Dylan,4,17,2017-12-01T06:53:02Z
2018-01-31,Dylan,3,9,2017-12-01T06:53:02Z
2018-01-31,Ben,18,13,2017-12-01T06:53:02Z
2018-01-31,Dylan,5,8,2017-12-01T06:53:02Z
2018-02-01,Ben,15,13,2017-12-01T06:53:02Z
2018-02-01,Dylan,1,18,2017-12-01T06:53:02Z
2018-02-01,Dylan,8,12,2017-12-01T06:53:02Z
2018-02-02,Dylan,7,20,2017-12-01T06:53:02Z
2018-02-03,Dylan,7,8,2017-12-01T06:53:02Z
2018-02-03,Ben,20,14,2017-12-01T06:53:02Z
2018-02-03,Dylan,13,13,2017-12-01T06:53:02Z
2018-02-03,Dylan,15,20,2017-12-01T06:53:02Z
2018-02-03,Ben,10,5,2017-12-01T06:53:02Z
2018-02-04,Dylan,3,21,2017-12-01T06:53:02Z
2018-02-04,Dylan,8,21,2017-12-01T06:53:02Z
2018-02-04,Dylan,9,18,2017-12-01T06:53:02Z
2018-02-04,Dylan,2,3,2017-12-01T06:53:02Z
2018-02-04,Ben,5,3,2017-12-01T06:53:02Z
2018-02-04,Ben,8,2,2017-12-01T06:53:02Z
2018-02-05,Ben,17,1,2017-12-01T06:53:02Z
2018-02-05,Ben,19,5,2017-12-01T06:53:02Z
2018-02-05,Ben,21,13,2017-12-01T06:53:02Z
2018-02-05,Dylan,1,16,2017-12-01T06:53:02Z
2018-02-05,Ben,20,3,2017-12-01T06:53:02Z
2018-02-06,Ben,19,1,2017-12-01T06:53:02Z
2018-02-07,Ben,19,5,2017-12-01T06:53:02Z
2018-02-07,Ben,13,10,2017-12-01T06:53:02Z
2018-02-08,Dylan,10,19,2017-12-01T06:53:03Z
2018-02-08,Ben,12,6,2017-12-01T06:53:03Z
2018-02-09,Dylan,6,18,2017-12-01T06:53:03Z
2018-02-09,Dylan,11,11,2017-12-01T06:53:03Z
2018-02-09,Ben,17,12,2017-12-01T06:53:03Z
2018-02-09,Dylan,9,9,2017-12-01T06:53:03Z
2018-02-09,Ben,16,3,2017-12-01T06:53:03Z
2018-02-09,Ben,18,2,2017-12-01T06:53:03Z
2018-02-10,Dylan,1,19,2017-12-01T06:53:03Z
2018-02-10,Ben,18,3,2017-12-01T06:53:03Z
2018-02-11,Dylan,6,16,2017-12-01T06:53:03Z
2018-02-11,Dylan,9,20,2017-12-01T06:53:03Z
2018-02-12,Dylan,2,6,2017-12-01T06:53:03Z
2018-02-12,Dylan,6,14,2017-12-01T06:53:03Z
2018-02-12,Ben,13,3,2017-12-01T06:53:03Z
2018-02-12,Ben,15,14,2017-12-01T06:53:03Z
2018-02-13,Dylan,2,12,2017-12-01T06:53:03Z
2018-02-13,Ben,11,3,2017-12-01T06:53:03Z
2018-02-13,Dylan,7,12,2017-12-01T06:53:03Z
2018-02-13,Dylan,3,11,2017-12-01T06:53:03Z
2018-02-14,Dylan,7,15,2017-12-01T06:53:03Z
2018-02-15,Ben,8,2,2017-12-01T06:53:03Z
2018-02-15,Dylan,9,18,2017-12-01T06:53:03Z
2018-02-15,Ben,11,10,2017-12-01T06:53:03Z
2018-02-15,Dylan,12,13,2017-12-01T06:53:03Z
2018-02-15,Dylan,11,12,2017-12-01T06:53:03Z
2018-02-15,Ben,21,18,2017-12-01T06:53:03Z
2018-02-16,Ben,18,10,2017-12-01T06:53:03Z
2018-02-16,Dylan,8,14,2017-12-01T06:53:03Z
2018-02-16,Ben,5,2,2017-12-01T06:53:03Z
2018-02-16,Dylan,9,16,2017-12-01T06:53:03Z
2018-02-16,Dylan,7,14,2017-12-01T06:53:03Z
2018-02-16,Ben,18,8,2017-12-01T06:53:03Z
2018-02-16,Ben,18,5,2017-12-01T06:53:03Z
2018-02-17,Ben,15,3,2017-12-01T06:53:03Z
2018-02-17,Dylan,10,19,2017-12-01T06:53:03Z
2018-02-18,Dylan,7,21,2017-12-01T06:53:03Z
2018-02-18,Dylan,2,11,2017-12-01T06:53:03Z
2018-02-19,Dylan,1,5,2017-12-01T06:53:03Z
2018-02-19,Dylan,1,9,2017-12-01T06:53:03Z
2018-02-19,Dylan,13,20,2017-12-01T06:53:03Z
2018-02-20,Dylan,15,16,2017-12-01T06:53:03Z
2018-02-20,Dylan,5,19,2017-12-01T06:53:03Z
2018-02-20,Ben,20,5,2017-12-01T06:53:03Z
2018-02-20,Ben,12,2,2017-12-01T06:53:03Z
2018-02-20,Dylan,13,20,2017-12-01T06:53:03Z
2018-02-20,Ben,9,6,2017-12-01T06:53:03Z
2018-02-20,Dylan,17,18,2017-12-01T06:53:03Z
2018-02-21,Dylan,2,7,2017-12-01T06:53:03Z
2018-02-21,Dylan,14,18,2017-12-01T06:53:03Z
2018-02-21,Dylan,15,21,2017-12-01T06:53:03Z
2018-02-21,Ben,3,1,2017-12-01T06:53:03Z
2018-02-21,Dylan,10,18,2017-12-01T06:53:03Z
2018-02-21,Dylan,3,13,2017-12-01T06:53:03Z
2018-02-22,Ben,21,4,2017-12-01T06:53:03Z
2018-02-22,Dylan,3,3,2017-12-01T06:53:03Z
2018-02-22,Ben,15,4,2017-12-01T06:53:03Z
2018-02-22,Ben,17,16,2017-12-01T06:53:04Z
2018-02-23,Ben,14,9,2017-12-01T06:53:04Z
2018-02-23,Dylan,11,12,2017-12-01T06:53:04Z
2018-02-23,Ben,9,1,2017-12-01T06:53:04Z
2018-02-23,Dylan,14,18,2017-12-01T06:53:04Z
2018-02-23,Ben,18,9,2017-12-01T06:53:04Z
2018-02-23,Dylan,10,12,2017-12-01T06:53:04Z
2018-02-24,Ben,8,6,2017-12-01T06:53:04Z
2018-02-24,Dylan,7,10,2017-12-01T06:53:04Z
2018-02-24,Ben,12,7,2017-12-01T06:53:04Z
2018-02-24,Ben,19,7,2017-12-01T06:53:04Z
2018-02-24,Dylan,1,5,2017-12-01T06:53:04Z
2018-02-25,Ben,18,1,2017-12-01T06:53:04Z
2018-02-25,Ben,21,2,2017-12-01T06:53:04Z
2018-02-25,Dylan,18,21,2017-12-01T06:53:04Z
2018-02-25,Dylan,13,13,2017-12-01T06:53:04Z
2018-02-25,Dylan,21,21,2017-12-01T06:53:04Z
2018-02-26,Ben,7,4,2017-12-01T06:53:04Z
2018-02-26,Dylan,2,14,2017-12-01T06:53:04Z
2018-02-26,Dylan,12,14,2017-12-01T06:53:04Z
2018-02-26,Ben,16,2,2017-12-01T06:53:04Z
2018-02-26,Dylan,9,12,2017-12-01T06:53:04Z
2018-02-26,Ben,9,1,2017-12-01T06:53:04Z
2018-02-27,Ben,20,6,2017-12-01T06:53:04Z
2018-02-27,Dylan,10,21,2017-12-01T06:53:04Z
2018-02-27,Dylan,9,13,2017-12-01T06:53:04Z
2018-02-27,Dylan,1,16,2017-12-01T06:53:04Z
2018-02-27,Ben,15,11,2017-12-01T06:53:04Z
2018-02-28,Dylan,1,1,2017-12-01T06:53:04Z
2018-02-28,Ben,17,12,2017-12-01T06:53:04Z
2018-02-28,Ben,13,11,2017-12-01T06:53:04Z
2018-02-28,Ben,2,1,2017-12-01T06:53:04Z
2018-02-28,Dylan,9,17,2017-12-01T06:53:04Z
2018-02-28,Dylan,1,3,2017-12-01T06:53:04Z
2018-02-28,Ben,13,2,2017-12-01T06:53:04Z
2018-03-01,Ben,14,7,2017-12-01T06:53:04Z
2018-03-01,Dylan,5,18,2017-12-01T06:53:04Z
2018-03-01,Dylan,10,13,2017-12-01T06:53:04Z
2018-03-01,Dylan,11,13,2017-12-01T06:53:04Z
2018-03-01,Dylan,13,19,2017-12-01T06:53:04Z
2018-03-01,Dylan,1,6,2017-12-01T06:53:04Z
2018-03-01,Dylan,9,10,2017-12-01T06:53:04Z
2018-03-02,Ben,16,15,2017-12-01T06:53:04Z
2018-03-02,Dylan,1,19,2017-12-01T06:53:04Z
2018-03-02,Dylan,12,18,2017-12-01T06:53:04Z
2018-03-03,Ben,13,9,2017-12-01T06:53:04Z
2018-03-04,Ben,6,4,2017-12-01T06:53:04Z
2018-03-04,Dylan,1,10,2017-12-01T06:53:04Z
2018-03-04,Ben,21,10,2017-12-01T06:53:04Z
2018-03-05,Ben,16,14,2017-12-01T06:53:04Z
2018-03-05,Dylan,13,15,2017-12-01T06:53:04Z
2018-03-05,Dylan,1,16,2017-12-01T06:53:04Z
2018-03-05,Dylan,5,7,2017-12-01T06:53:04Z
2018-03-05,Dylan,5,17,2017-12-01T06:53:04Z
2018-03-05,Dylan,9,15,2017-12-01T06:53:04Z
2018-03-05,Ben,14,8,2017-12-01T06:53:04Z
2018-03-06,Ben,17,5,2017-12-01T06:53:04Z
2018-03-07,Dylan,18,19,2017-12-01T06:53:04Z
2018-03-08,Dylan,4,5,2017-12-01T06:53:04Z
2018-03-08,Dylan,9,17,2017-12-01T06:53:04Z
2018-03-09,Ben,6,3,2017-12-01T06:53:04Z
2018-03-10,Ben,20,5,2017-12-01T06:53:04Z
2018-03-10,Ben,13,10,2017-12-01T06:53:04Z
2018-03-10,Ben,20,12,2017-12-01T06:53:04Z
2018-03-10,Dylan,3,5,2017-12-01T06:53:04Z
2018-03-11,Dylan,21,21,2017-12-01T06:53:04Z
2018-03-11,Ben,9,7,2017-12-01T06:53:05Z
2018-03-11,Dylan,4,6,2017-12-01T06:53:05Z
2018-03-11,Dylan,6,14,2017-12-01T06:53:05Z
2018-03-11,Ben,19,18,2017-12-01T06:53:05Z
2018-03-11,Dylan,9,16,2017-12-01T06:53:05Z
2018-03-11,Ben,6,3,2017-12-01T06:53:05Z
2018-03-12,Dylan,19,19,2017-12-01T06:53:05Z
2018-03-12,Ben,21,2,2017-12-01T06:53:05Z
2018-03-12,Ben,18,5,2017-12-01T06:53:05Z
2018-03-12,Dylan,6,12,2017-12-01T06:53:05Z
2018-03-13,Dylan,11,17,2017-12-01T06:53:05Z
2018-03-13,Dylan,4,8,2017-12-01T06:53:05Z
2018-03-13,Ben,15,6,2017-12-01T06:53:05Z
2018-03-14,Ben,11,9,2017-12-01T06:53:05Z
2018-03-14,Dylan,2,4,2017-12-01T06:53:05Z
2018-03-14,Dylan,6,16,2017-12-01T06:53:05Z
2018-03-14,Dylan,4,21,2017-12-01T06:53:05Z
2018-03-14,Dylan,12,17,2017-12-01T06:53:05Z
2018-03-14,Ben,15,3,2017-12-01T06:53:05Z
2018-03-14,Ben,18,9,2017-12-01T06:53:05Z
2018-03-15,Ben,12,3,2017-12-01T06:53:05Z
2018-03-15,Dylan,8,9,2017-12-01T06:53:05Z
2018-03-15,Ben,18,12,2017-12-01T06:53:05Z
2018-03-15,Ben,9,2,2017-12-01T06:53:05Z
2018-03-15,Dylan,13,15,2017-12-01T06:53:05Z
2018-03-16,Dylan,17,18,2017-12-01T06:53:05Z
2018-03-16,Ben,7,1,2017-12-01T06:53:05Z
2018-03-16,Dylan,17,21,2017-12-01T06:53:05Z
2018-03-16,Dylan,1,20,2017-12-01T06:53:05Z
2018-03-16,Dylan,13,17,2017-12-01T06:53:05Z
2018-03-16,Ben,19,2,2017-12-01T06:53:05Z
2018-03-16,Ben,14,5,2017-12-01T06:53:05Z
2018-03-17,Ben,9,5,2017-12-01T06:53:05Z
2018-03-17,Dylan,3,17,2017-12-01T06:53:05Z
2018-03-17,Dylan,15,19,2017-12-01T06:53:05Z
2018-03-17,Dylan,4,6,2017-12-01T06:53:05Z
2018-03-17,Dylan,17,20,2017-12-01T06:53:05Z
2018-03-17,Dylan,7,20,2017-12-01T06:53:05Z
2018-03-17,Dylan,2,18,2017-12-01T06:53:05Z
2018-03-18,Ben,21,9,2017-12-01T06:53:05Z
2018-03-18,Dylan,3,15,2017-12-01T06:53:05Z
2018-03-18,Dylan,1,13,2017-12-01T06:53:05Z
2018-03-19,Dylan,15,20,2017-12-01T06:53:05Z
2018-03-19,Ben,15,13,2017-12-01T06:53:05Z
2018-03-20,Dylan,3,15,2017-12-01T06:53:05Z
2018-03-20,Dylan,10,21,2017-12-01T06:53:05Z
2018-03-21,Dylan,4,16,2017-12-01T06:53:05Z
2018-03-21,Dylan,6,10,2017-12-01T06:53:05Z
2018-03-21,Ben,19,15,2017-12-01T06:53:05Z
2018-03-22,Ben,10,5,2017-12-01T06:53:05Z
2018-03-23,Dylan,5,8,2017-12-01T06:53:05Z
2018-03-23,Dylan,3,17,2017-12-01T06:53:05Z
2018-03-23,Ben,10,8,2017-12-01T06:53:05Z
2018-03-23,Dylan,7,10,2017-12-01T06:53:05Z
2018-03-24,Dylan,15,17,2017-12-01T06:53:05Z
2018-03-24,Ben,17,4,2017-12-01T06:53:05Z
2018-03-24,Ben,8,2,2017-12-01T06:53:05Z
2018-03-24,Ben,18,17,2017-12-01T06:53:05Z
2018-03-24,Ben,15,3,2017-12-01T06:53:05Z
2018-03-24,Ben,7,5,2017-12-01T06:53:05Z
2018-03-25,Ben,17,14,2017-12-01T06:53:05Z
2018-03-25,Ben,2,1,2017-12-01T06:53:05Z
2018-03-26,Dylan,9,18,2017-12-01T06:53:05Z
2018-03-26,Dylan,14,20,2017-12-01T06:53:06Z
2018-03-26,Dylan,10,13,2017-12-01T06:53:06Z
2018-03-26,Dylan,4,15,2017-12-01T06:53:06Z
2018-03-26,Ben,10,4,2017-12-01T06:53:06Z
2018-03-26,Dylan,5,18,2017-12-01T06:53:06Z
2018-03-26,Ben,10,1,2017-12-01T06:53:06Z
2018-03-27,Dylan,11,14,2017-12-01T06:53:06Z
2018-03-27,Ben,18,12,2017-12-01T06:53:06Z
2018-03-27,Ben,19,9,2017-12-01T06:53:06Z
2018-03-27,Dylan,12,17,2017-12-01T06:53:06Z
2018-03-27,Ben,20,13,2017-12-01T06:53:06Z
2018-03-27,Dylan,2,9,2017-12-01T06:53:06Z
2018-03-27,Ben,18,12,2017-12-01T06:53:06Z
2018-03-28,Dylan,10,13,2017-12-01T06:53:06Z
2018-03-28,Dylan,5,21,2017-12-01T06:53:06Z
2018-03-28,Dylan,6,9,2017-12-01T06:53:06Z
2018-03-29,Ben,18,13,2017-12-01T06:53:06Z
2018-03-29,Ben,17,10,2017-12-01T06:53:06Z
2018-03-29,Ben,13,7,2017-12-01T06:53:06Z
2018-03-29,Dylan,14,18,2017-12-01T06:53:06Z
2018-03-29,Dylan,5,21,2017-12-01T06:53:06Z
2018-03-29,Dylan,5,16,2017-12-01T06:53:06Z
2018-03-30,Ben,13,4,2017-12-01T06:53:06Z
2018-03-30,Dylan,5,19,2017-12-01T06:53:06Z
2018-03-31,Dylan,5,8,2017-12-01T06:53:06Z
2018-04-01,Ben,18,8,2017-12-01T06:53:06Z
2018-04-01,Ben,10,7,2017-12-01T06:53:06Z
2018-04-01,Dylan,18,20,2017-12-01T06:53:06Z
2018-04-01,Ben,7,6,2017-12-01T06:53:06Z
2018-04-02,Ben,16,2,2017-12-01T06:53:06Z
2018-04-02,Dylan,8,16,2017-12-01T06:53:06Z
2018-04-02,Dylan,4,11,2017-12-01T06:53:06Z
2018-04-02,Dylan,8,21,2017-12-01T06:53:06Z
2018-04-02,Dylan,12,14,2017-12-01T06:53:06Z
2018-04-02,Dylan,8,19,2017-12-01T06:53:06Z
2018-04-03,Ben,15,6,2017-12-01T06:53:06Z
2018-04-03,Ben,19,9,2017-12-01T06:53:06Z
2018-04-03,Ben,8,2,2017-12-01T06:53:06Z
2018-04-04,Dylan,2,9,2017-12-01T06:53:06Z
2018-04-04,Dylan,9,10,2017-12-01T06:53:06Z
2018-04-04,Ben,10,2,2017-12-01T06:53:06Z
2018-04-04,Dylan,13,14,2017-12-01T06:53:06Z
2018-04-04,Dylan,8,14,2017-12-01T06:53:06Z
2018-04-04,Dylan,2,17,2017-12-01T06:53:06Z
2018-04-04,Dylan,8,9,2017-12-01T06:53:06Z
2018-04-05,Dylan,2,20,2017-12-01T06:53:06Z
2018-04-05,Dylan,2,12,2017-12-01T06:53:06Z
2018-04-05,Dylan,2,11,2017-12-01T06:53:06Z
2018-04-05,Ben,11,1,2017-12-01T06:53:06Z
2018-04-05,Ben,13,12,2017-12-01T06:53:06Z
2018-04-05,Dylan,3,16,2017-12-01T06:53:06Z
2018-04-05,Ben,18,12,2017-12-01T06:53:06Z
2018-04-06,Dylan,6,20,2017-12-01T06:53:06Z
2018-04-06,Ben,12,9,2017-12-01T06:53:06Z
2018-04-06,Ben,13,7,2017-12-01T06:53:06Z
2018-04-07,Ben,19,4,2017-12-01T06:53:06Z
2018-04-07,Dylan,4,13,2017-12-01T06:53:06Z
2018-04-07,Dylan,6,15,2017-12-01T06:53:06Z
2018-04-07,Ben,7,1,2017-12-01T06:53:06Z
2018-04-07,Dylan,15,20,2017-12-01T06:53:06Z
2018-04-07,Ben,20,15,2017-12-01T06:53:06Z
2018-04-08,Dylan,15,15,2017-12-01T06:53:06Z
2018-04-09,Ben,18,5,2017-12-01T06:53:06Z
2018-04-09,Dylan,6,15,2017-12-01T06:53:06Z
2018-04-09,Dylan,12,15,2017-12-01T06:53:07Z
2018-04-09,Dylan,14,14,2017-12-01T06:53:07Z
2018-04-10,Ben,17,9,2017-12-01T06:53:07Z
2018-04-10,Ben,13,11,2017-12-01T06:53:07Z
2018-04-10,Ben,13,10,2017-12-01T06:53:07Z
2018-04-10,Ben,14,4,2017-12-01T06:53:07Z
2018-04-10,Dylan,3,14,2017-12-01T06:53:07Z
2018-04-11,Ben,21,8,2017-12-01T06:53:07Z
2018-04-11,Ben,13,8,2017-12-01T06:53:07Z
2018-04-11,Ben,6,5,2017-12-01T06:53:07Z
2018-04-11,Dylan,13,15,2017-12-01T06:53:07Z
2018-04-11,Ben,16,10,2017-12-01T06:53:07Z
2018-04-11,Dylan,8,8,2017-12-01T06:53:07Z
2018-04-12,Dylan,7,10,2017-12-01T06:53:07Z
2018-04-12,Dylan,7,14,2017-12-01T06:53:07Z
2018-04-12,Ben,4,3,2017-12-01T06:53:07Z
2018-04-12,Ben,9,2,2017-12-01T06:53:07Z
2018-04-13,Ben,18,12,2017-12-01T06:53:07Z
2018-04-13,Ben,18,14,2017-12-01T06:53:07Z
2018-04-14,Ben,21,4,2017-12-01T06:53:07Z
2018-04-14,Ben,15,7,2017-12-01T06:53:07Z
2018-04-14,Ben,21,18,2017-12-01T06:53:07Z
2018-04-14,Dylan,9,11,2017-12-01T06:53:07Z
2018-04-15,Dylan,13,21,2017-12-01T06:53:07Z
2018-04-15,Ben,11,8,2017-12-01T06:53:07Z
2018-04-15,Dylan,14,20,2017-12-01T06:53:07Z
2018-04-15,Ben,17,2,2017-12-01T06:53:07Z
2018-04-15,Ben,19,3,2017-12-01T06:53:07Z
2018-04-15,Ben,15,2,2017-12-01T06:53:07Z
2018-04-16,Dylan,10,17,2017-12-01T06:53:07Z
2018-04-16,Dylan,12,15,2017-12-01T06:53:07Z
2018-04-16,Dylan,8,18,2017-12-01T06:53:07Z
2018-04-16,Dylan,4,4,2017-12-01T06:53:07Z
2018-04-17,Ben,16,10,2017-12-01T06:53:07Z
2018-04-17,Ben,18,4,2017-12-01T06:53:07Z
2018-04-17,Dylan,9,10,2017-12-01T06:53:07Z
2018-04-18,Dylan,6,17,2017-12-01T06:53:07Z
2018-04-18,Ben,18,4,2017-12-01T06:53:07Z
2018-04-18,Dylan,1,8,2017-12-01T06:53:07Z
2018-04-19,Dylan,8,19,2017-12-01T06:53:07Z
2018-04-19,Dylan,9,18,2017-12-01T06:53:07Z
2018-04-19,Ben,21,7,2017-12-01T06:53:07Z
2018-04-20,Ben,9,2,2017-12-01T06:53:07Z
2018-04-21,Dylan,9,21,2017-12-01T06:53:07Z
2018-04-22,Dylan,7,21,2017-12-01T06:53:07Z
2018-04-22,Ben,13,10,2017-12-01T06:53:07Z
2018-04-22,Dylan,8,10,2017-12-01T06:53:07Z
2018-04-22,Dylan,7,15,2017-12-01T06:53:07Z
2018-04-22,Dylan,8,18,2017-12-01T06:53:07Z
2018-04-22,Ben,10,7,2017-12-01T06:53:07Z
2018-04-23,Ben,20,10,2017-12-01T06:53:07Z
2018-04-23,Dylan,1,2,2017-12-01T06:53:07Z
2018-04-23,Dylan,6,14,2017-12-01T06:53:07Z
2018-04-23,Dylan,4,9,2017-12-01T06:53:07Z
2018-04-23,Dylan,15,16,2017-12-01T06:53:07Z
2018-04-23,Ben,19,16,2017-12-01T06:53:07Z
2018-04-24,Ben,18,7,2017-12-01T06:53:07Z
2018-04-24,Ben,16,6,2017-12-01T06:53:07Z
2018-04-24,Dylan,9,13,2017-12-01T06:53:07Z
2018-04-24,Dylan,10,12,2017-12-01T06:53:07Z
2018-04-24,Dylan,2,8,2017-12-01T06:53:07Z
2018-04-24,Ben,11,5,2017-12-01T06:53:07Z
2018-04-24,Dylan,9,11,2017-12-01T06:53:07Z
2018-04-25,Ben,15,12,2017-12-01T06:53:08Z
2018-04-25,Ben,12,7,2017-12-01T06:53:08Z
2018-04-25,Ben,18,4,2017-12-01T06:53:08Z
2018-04-25,Ben,9,7,2017-12-01T06:53:08Z
2018-04-25,Ben,21,18,2017-12-01T06:53:08Z
2018-04-25,Ben,10,7,2017-12-01T06:53:08Z
2018-04-26,Ben,16,1,2017-12-01T06:53:08Z
2018-04-26,Ben,14,12,2017-12-01T06:53:08Z
2018-04-26,Dylan,5,10,2017-12-01T06:53:08Z
2018-04-26,Dylan,4,7,2017-12-01T06:53:08Z
2018-04-27,Dylan,3,9,2017-12-01T06:53:08Z
2018-04-27,Dylan,8,21,2017-12-01T06:53:08Z
2018-04-27,Ben,11,7,2017-12-01T06:53:08Z
2018-04-27,Ben,19,17,2017-12-01T06:53:08Z
2018-04-28,Ben,18,8,2017-12-01T06:53:08Z
2018-04-29,Dylan,14,21,2017-12-01T06:53:08Z
2018-04-29,Dylan,7,21,2017-12-01T06:53:08Z
2018-04-29,Ben,3,2,2017-12-01T06:53:08Z
2018-04-29,Dylan,5,10,2017-12-01T06:53:08Z
2018-04-29,Ben,11,5,2017-12-01T06:53:08Z
2018-04-29,Dylan,9,14,2017-12-01T06:53:08Z
2018-04-30,Ben,18,2,2017-12-01T06:53:08Z
2018-05-01,Ben,11,7,2017-12-01T06:53:08Z
2018-05-01,Dylan,1,3,2017-12-01T06:53:08Z
2018-05-01,Ben,3,1,2017-12-01T06:53:08Z
2018-05-01,Dylan,7,7,2017-12-01T06:53:08Z
2018-05-01,Dylan,9,10,2017-12-01T06:53:08Z
2018-05-01,Ben,21,8,2017-12-01T06:53:08Z
2018-05-01,Dylan,7,12,2017-12-01T06:53:08Z
2018-05-02,Ben,12,8,2017-12-01T06:53:08Z
2018-05-02,Dylan,3,14,2017-12-01T06:53:08Z
2018-05-02,Dylan,6,21,2017-12-01T06:53:08Z
2018-05-03,Dylan,15,19,2017-12-01T06:53:08Z
2018-05-03,Ben,9,2,2017-12-01T06:53:08Z
2018-05-03,Ben,12,5,2017-12-01T06:53:08Z
2018-05-03,Ben,8,2,2017-12-01T06:53:08Z
2018-05-04,Dylan,13,21,2017-12-01T06:53:08Z
2018-05-04,Dylan,4,21,2017-12-01T06:53:08Z
2018-05-05,Ben,20,3,2017-12-01T06:53:08Z
2018-05-05,Dylan,3,8,2017-12-01T06:53:08Z
2018-05-05,Dylan,8,8,2017-12-01T06:53:08Z
2018-05-05,Ben,20,18,2017-12-01T06:53:08Z
2018-05-06,Dylan,14,17,2017-12-01T06:53:08Z
2018-05-07,Dylan,2,3,2017-12-01T06:53:08Z
2018-05-07,Ben,8,5,2017-12-01T06:53:08Z
2018-05-07,Dylan,4,10,2017-12-01T06:53:08Z
2018-05-08,Dylan,10,12,2017-12-01T06:53:08Z
2018-05-08,Dylan,14,21,2017-12-01T06:53:08Z
2018-05-08,Dylan,20,21,2017-12-01T06:53:08Z
2018-05-09,Ben,19,7,2017-12-01T06:53:08Z
2018-05-09,Ben,13,11,2017-12-01T06:53:08Z
2018-05-09,Dylan,15,17,2017-12-01T06:53:08Z
2018-05-10,Dylan,7,13,2017-12-01T06:53:08Z
2018-05-10,Ben,11,8,2017-12-01T06:53:08Z
2018-05-11,Ben,19,13,2017-12-01T06:53:08Z
2018-05-11,Dylan,6,15,2017-12-01T06:53:08Z
2018-05-11,Ben,16,1,2017-12-01T06:53:08Z
2018-05-11,Ben,17,11,2017-12-01T06:53:08Z
2018-05-11,Ben,14,1,2017-12-01T06:53:08Z
2018-05-11,Ben,21,7,2017-12-01T06:53:08Z
2018-05-11,Ben,21,19,2017-12-01T06:53:08Z
2018-05-12,Dylan,10,16,2017-12-01T06:53:08Z
2018-05-12,Ben,14,9,2017-12-01T06:53:08Z
2018-05-12,Ben,19,11,2017-12-01T06:53:09Z
2018-05-13,Dylan,1,21,2017-12-01T06:53:09Z
2018-05-13,Ben,13,4,2017-12-01T06:53:09Z
2018-05-13,Ben,11,7,2017-12-01T06:53:09Z
2018-05-13,Dylan,2,10,2017-12-01T06:53:09Z
2018-05-14,Ben,13,12,2017-12-01T06:53:09Z
2018-05-14,Ben,14,9,2017-12-01T06:53:09Z
2018-05-15,Ben,8,2,2017-12-01T06:53:09Z
2018-05-15,Ben,15,4,2017-12-01T06:53:09Z
2018-05-15,Dylan,1,14,2017-12-01T06:53:09Z
2018-05-15,Ben,18,8,2017-12-01T06:53:09Z
2018-05-16,Ben,15,6,2017-12-01T06:53:09Z
2018-05-16,Ben,14,10,2017-12-01T06:53:09Z
2018-05-16,Ben,19,5,2017-12-01T06:53:09Z
2018-05-16,Dylan,3,19,2017-12-01T06:53:09Z
2018-05-16,Ben,3,1,2017-12-01T06:53:09Z
2018-05-16,Dylan,3,14,2017-12-01T06:53:09Z
2018-05-17,Dylan,21,21,2017-12-01T06:53:09Z
2018-05-17,Ben,21,12,2017-12-01T06:53:09Z
2018-05-17,Dylan,11,11,2017-12-01T06:53:09Z
2018-05-17,Ben,15,7,2017-12-01T06:53:09Z
2018-05-18,Dylan,10,20,2017-12-01T06:53:09Z
2018-05-18,Dylan,12,12,2017-12-01T06:53:09Z
2018-05-18,Dylan,9,11,2017-12-01T06:53:09Z
2018-05-18,Dylan,15,19,2017-12-01T06:53:09Z
2018-05-18,Dylan,7,10,2017-12-01T06:53:09Z
2018-05-18,Ben,10,8,2017-12-01T06:53:09Z
2018-05-19,Ben,8,2,2017-12-01T06:53:09Z
2018-05-19,Ben,17,8,2017-12-01T06:53:09Z
2018-05-19,Ben,21,10,2017-12-01T06:53:09Z
2018-05-20,Ben,19,9,2017-12-01T06:53:09Z
2018-05-21,Ben,21,8,2017-12-01T06:53:09Z
2018-05-21,Ben,10,7,2017-12-01T06:53:09Z
2018-05-21,Ben,14,5,2017-12-01T06:53:09Z
2018-05-21,Ben,14,11,2017-12-01T06:53:09Z
2018-05-21,Ben,10,8,2017-12-01T06:53:09Z
2018-05-21,Ben,16,1,2017-12-01T06:53:09Z
2018-05-22,Dylan,8,12,2017-12-01T06:53:09Z
2018-05-23,Ben,9,3,2017-12-01T06:53:09Z
2018-05-23,Dylan,7,17,2017-12-01T06:53:09Z
2018-05-23,Ben,15,1,2017-12-01T06:53:09Z
2018-05-23,Ben,15,14,2017-12-01T06:53:09Z
2018-05-23,Dylan,6,13,2017-12-01T06:53:09Z
2018-05-24,Dylan,1,13,2017-12-01T06:53:09Z
2018-05-24,Dylan,8,13,2017-12-01T06:53:09Z
2018-05-24,Dylan,5,12,2017-12-01T06:53:09Z
2018-05-25,Ben,18,13,2017-12-01T06:53:09Z
2018-05-25,Dylan,7,7,2017-12-01T06:53:09Z
2018-05-25,Ben,11,1,2017-12-01T06:53:09Z
2018-05-25,Ben,17,9,2017-12-01T06:53:09Z
2018-05-25,Dylan,8,19,2017-12-01T06:53:09Z
2018-05-26,Dylan,9,20,2017-12-01T06:53:09Z
2018-05-26,Dylan,3,5,2017-12-01T06:53:09Z
2018-05-26,Dylan,13,17,2017-12-01T06:53:09Z
2018-05-27,Ben,19,18,2017-12-01T06:53:09Z
2018-05-27,Ben,21,6,2017-12-01T06:53:09Z
2018-05-27,Dylan,4,17,2017-12-01T06:53:09Z
2018-05-28,Ben,17,13,2017-12-01T06:53:09Z
2018-05-28,Ben,15,8,2017-12-01T06:53:09Z
2018-05-29,Dylan,4,14,2017-12-01T06:53:09Z
2018-05-30,Dylan,11,19,2017-12-01T06:53:09Z
2018-05-30,Dylan,8,18,2017-12-01T06:53:09Z
2018-05-30,Ben,20,7,2017-12-01T06:53:09Z
2018-05-30,Ben,21,19,2017-12-01T06:53:09Z
2018-05-31,Dylan,12,12,2017-12-01T06:53:10Z
2018-05-31,Dylan,7,10,2017-12-01T06:53:10Z
2018-06-01,Ben,13,11,2017-12-01T06:53:10Z
2018-06-01,Ben,9,5,2017-12-01T06:53:10Z
2018-06-01,Dylan,6,18,2017-12-01T06:53:10Z
2018-06-01,Dylan,12,15,2017-12-01T06:53:10Z
2018-06-01,Ben,21,14,2017-12-01T06:53:10Z
2018-06-01,Ben,18,2,2017-12-01T06:53:10Z
2018-06-02,Dylan,2,21,2017-12-01T06:53:10Z
2018-06-02,Dylan,15,19,2017-12-01T06:53:10Z
2018-06-02,Dylan,11,12,2017-12-01T06:53:10Z
2018-06-02,Dylan,4,17,2017-12-01T06:53:10Z
2018-06-02,Ben,13,7,2017-12-01T06:53:10Z
2018-06-03,Dylan,17,20,2017-12-01T06:53:10Z
2018-06-04,Dylan,12,19,2017-12-01T06:53:10Z
2018-06-04,Dylan,21,21,2017-12-01T06:53:10Z
2018-06-04,Dylan,4,16,2017-12-01T06:53:10Z
2018-06-05,Ben,9,3,2017-12-01T06:53:10Z
2018-06-05,Ben,19,18,2017-12-01T06:53:10Z
2018-06-05,Dylan,11,21,2017-12-01T06:53:10Z
2018-06-05,Dylan,1,12,2017-12-01T06:53:10Z
2018-06-05,Dylan,1,14,2017-12-01T06:53:10Z
2018-06-05,Dylan,14,19,2017-12-01T06:53:10Z
2018-06-05,Dylan,2,19,2017-12-01T06:53:10Z
2018-06-06,Ben,17,9,2017-12-01T06:53:10Z
2018-06-06,Ben,14,10,2017-12-01T06:53:10Z
2018-06-06,Ben,8,1,2017-12-01T06:53:10Z
2018-06-06,Ben,11,2,2017-12-01T06:53:10Z
2018-06-06,Ben,6,4,2017-12-01T06:53:10Z
2018-06-07,Dylan,1,11,2017-12-01T06:53:10Z
2018-06-07,Ben,15,14,2017-12-01T06:53:10Z
2018-06-07,Dylan,18,18,2017-12-01T06:53:10Z
2018-06-08,Dylan,12,15,2017-12-01T06:53:10Z
2018-06-08,Ben,10,4,2017-12-01T06:53:10Z
2018-06-08,Dylan,9,21,2017-12-01T06:53:10Z
2018-06-08,Dylan,4,17,2017-12-01T06:53:10Z
2018-06-08,Dylan,1,2,2017-12-01T06:53:10Z
2018-06-08,Ben,7,4,2017-12-01T06:53:10Z
2018-06-09,Ben,16,5,2017-12-01T06:53:10Z
2018-06-09,Ben,13,11,2017-12-01T06:53:10Z
2018-06-09,Dylan,2,12,2017-12-01T06:53:10Z
2018-06-09,Dylan,15,19,2017-12-01T06:53:10Z
2018-06-10,Ben,6,1,2017-12-01T06:53:10Z
2018-06-10,Dylan,7,18,2017-12-01T06:53:10Z
2018-06-10,Ben,8,2,2017-12-01T06:53:10Z
2018-06-10,Ben,19,1,2017-12-01T06:53:10Z
2018-06-10,Ben,20,11,2017-12-01T06:53:10Z
2018-06-10,Ben,21,17,2017-12-01T06:53:10Z
2018-06-11,Ben,16,8,2017-12-01T06:53:10Z
2018-06-11,Dylan,3,17,2017-12-01T06:53:10Z
2018-06-12,Ben,8,1,2017-12-01T06:53:10Z
2018-06-13,Ben,12,11,2017-12-01T06:53:10Z
2018-06-13,Ben,19,10,2017-12-01T06:53:10Z
2018-06-13,Ben,17,10,2017-12-01T06:53:10Z
2018-06-13,Ben,16,2,2017-12-01T06:53:10Z
2018-06-13,Dylan,18,18,2017-12-01T06:53:10Z
2018-06-13,Dylan,5,12,2017-12-01T06:53:10Z
2018-06-13,Dylan,4,5,2017-12-01T06:53:10Z
2018-06-14,Dylan,6,17,2017-12-01T06:53:10Z
2018-06-14,Ben,16,3,2017-12-01T06:53:10Z
2018-06-14,Dylan,1,6,2017-12-01T06:53:10Z
2018-06-15,Dylan,13,19,2017-12-01T06:53:10Z
2018-06-15,Dylan,5,16,2017-12-01T06:53:11Z
2018-06-15,Dylan,1,19,2017-12-01T06:53:11Z
2018-06-15,Ben,17,7,2017-12-01T06:53:11Z
2018-06-15,Ben,10,7,2017-12-01T06:53:11Z
2018-06-15,Dylan,6,19,2017-12-01T06:53:11Z
2018-06-16,Dylan,3,19,2017-12-01T06:53:11Z
2018-06-16,Dylan,3,15,2017-12-01T06:53:11Z
2018-06-17,Dylan,10,16,2017-12-01T06:53:11Z
2018-06-17,Dylan,18,20,2017-12-01T06:53:11Z
2018-06-17,Dylan,12,18,2017-12-01T06:53:11Z
2018-06-17,Ben,16,5,2017-12-01T06:53:11Z
2018-06-17,Ben,12,1,2017-12-01T06:53:11Z
2018-06-17,Dylan,12,15,2017-12-01T06:53:11Z
2018-06-17,Ben,16,5,2017-12-01T06:53:11Z
2018-06-18,Ben,16,9,2017-12-01T06:53:11Z
2018-06-18,Dylan,6,10,2017-12-01T06:53:11Z
2018-06-19,Ben,4,1,2017-12-01T06:53:11Z
2018-06-19,Dylan,5,17,2017-12-01T06:53:11Z
2018-06-19,Ben,11,4,2017-12-01T06:53:11Z
2018-06-19,Ben,9,7,2017-12-01T06:53:11Z
2018-06-19,Ben,10,1,2017-12-01T06:53:11Z
2018-06-19,Ben,20,5,2017-12-01T06:53:11Z
2018-06-19,Ben,6,4,2017-12-01T06:53:11Z
2018-06-20,Dylan,7,19,2017-12-01T06:53:11Z
2018-06-20,Dylan,5,9,2017-12-01T06:53:11Z
2018-06-20,Dylan,11,13,2017-12-01T06:53:11Z
2018-06-21,Ben,11,9,2017-12-01T06:53:11Z
2018-06-21,Ben,17,8,2017-12-01T06:53:11Z
2018-06-21,Dylan,15,16,2017-12-01T06:53:11Z
2018-06-21,Dylan,12,12,2017-12-01T06:53:11Z
2018-06-21,Dylan,6,13,2017-12-01T06:53:11Z
2018-06-22,Ben,16,8,2017-12-01T06:53:11Z
2018-06-22,Ben,19,11,2017-12-01T06:53:11Z
2018-06-22,Ben,7,5,2017-12-01T06:53:11Z
2018-06-22,Dylan,5,9,2017-12-01T06:53:11Z
2018-06-22,Dylan,6,18,2017-12-01T06:53:11Z
2018-06-23,Ben,13,9,2017-12-01T06:53:11Z
2018-06-23,Dylan,11,11,2017-12-01T06:53:11Z
2018-06-23,Ben,5,3,2017-12-01T06:53:11Z
2018-06-23,Dylan,3,20,2017-12-01T06:53:11Z
2018-06-23,Ben,18,13,2017-12-01T06:53:11Z
2018-06-24,Ben,19,14,2017-12-01T06:53:11Z
2018-06-24,Ben,20,13,2017-12-01T06:53:11Z
2018-06-25,Ben,19,9,2017-12-01T06:53:11Z
2018-06-25,Dylan,1,7,2017-12-01T06:53:11Z
2018-06-25,Ben,11,6,2017-12-01T06:53:11Z
2018-06-25,Ben,18,10,2017-12-01T06:53:11Z
2018-06-25,Dylan,2,8,2017-12-01T06:53:11Z
2018-06-25,Dylan,7,11,2017-12-01T06:53:11Z
2018-06-26,Dylan,3,11,2017-12-01T06:53:11Z
2018-06-26,Dylan,21,21,2017-12-01T06:53:11Z
2018-06-26,Dylan,3,20,2017-12-01T06:53:11Z
2018-06-26,Ben,8,3,2017-12-01T06:53:11Z
2018-06-26,Dylan,15,15,2017-12-01T06:53:11Z
2018-06-27,Dylan,5,17,2017-12-01T06:53:11Z
2018-06-27,Ben,9,5,2017-12-01T06:53:11Z
2018-06-27,Ben,6,4,2017-12-01T06:53:11Z
2018-06-27,Ben,7,4,2017-12-01T06:53:11Z
2018-06-27,Dylan,1,10,2017-12-01T06:53:11Z
2018-06-27,Dylan,8,9,2017-12-01T06:53:11Z
2018-06-27,Dylan,6,9,2017-12-01T06:53:11Z
2018-06-28,Ben,8,1,2017-12-01T06:53:11Z
2018-06-28,Ben,15,5,2017-12-01T06:53:11Z
2018-06-28,Ben,17,8,2017-12-01T06:53:11Z
2018-06-28,Dylan,2,2,2017-12-01T06:53:12Z
2018-06-28,Ben,15,7,2017-12-01T06:53:12Z
2018-06-28,Dylan,7,12,2017-12-01T06:53:12Z
2018-06-28,Ben,20,15,2017-12-01T06:53:12Z
2018-06-29,Ben,9,5,2017-12-01T06:53:12Z
2018-06-30,Ben,19,12,2017-12-01T06:53:12Z
2018-06-30,Dylan,18,18,2017-12-01T06:53:12Z
2018-06-30,Ben,17,9,2017-12-01T06:53:12Z
2018-06-30,Ben,19,7,2017-12-01T06:53:12Z
2018-06-30,Dylan,4,7,2017-12-01T06:53:12Z
2018-07-01,Ben,8,1,2017-12-01T06:53:12Z
2018-07-01,Dylan,12,16,2017-12-01T06:53:12Z
2018-07-01,Dylan,9,18,2017-12-01T06:53:12Z
2018-07-01,Ben,16,3,2017-12-01T06:53:12Z
2018-07-01,Dylan,6,10,2017-12-01T06:53:12Z
2018-07-01,Dylan,10,17,2017-12-01T06:53:12Z
2018-07-02,Dylan,7,12,2017-12-01T06:53:12Z
2018-07-02,Dylan,7,9,2017-12-01T06:53:12Z
2018-07-02,Dylan,4,21,2017-12-01T06:53:12Z
2018-07-02,Ben,21,20,2017-12-01T06:53:12Z
2018-07-02,Ben,20,11,2017-12-01T06:53:12Z
2018-07-02,Ben,13,5,2017-12-01T06:53:12Z
2018-07-02,Ben,15,3,2017-12-01T06:53:12Z
2018-07-03,Dylan,3,7,2017-12-01T06:53:12Z
2018-07-04,Ben,7,6,2017-12-01T06:53:12Z
2018-07-04,Dylan,6,11,2017-12-01T06:53:12Z
2018-07-04,Dylan,2,15,2017-12-01T06:53:12Z
2018-07-05,Ben,21,20,2017-12-01T06:53:12Z
2018-07-05,Dylan,5,10,2017-12-01T06:53:12Z
2018-07-05,Dylan,6,16,2017-12-01T06:53:12Z
2018-07-05,Dylan,9,11,2017-12-01T06:53:12Z
2018-07-05,Ben,8,5,2017-12-01T06:53:12Z
2018-07-06,Dylan,8,9,2017-12-01T06:53:12Z
2018-07-06,Dylan,7,7,2017-12-01T06:53:12Z
2018-07-06,Dylan,12,20,2017-12-01T06:53:12Z
2018-07-06,Ben,20,10,2017-12-01T06:53:12Z
2018-07-07,Dylan,2,10,2017-12-01T06:53:12Z
2018-07-07,Dylan,2,11,2017-12-01T06:53:12Z
2018-07-07,Dylan,5,20,2017-12-01T06:53:12Z
2018-07-07,Ben,14,9,2017-12-01T06:53:12Z
2018-07-08,Dylan,2,13,2017-12-01T06:53:12Z
2018-07-09,Ben,14,7,2017-12-01T06:53:12Z
2018-07-09,Ben,6,2,2017-12-01T06:53:12Z
2018-07-09,Dylan,14,15,2017-12-01T06:53:12Z
2018-07-09,Dylan,15,18,2017-12-01T06:53:12Z
2018-07-10,Ben,15,9,2017-12-01T06:53:12Z
2018-07-11,Dylan,2,2,2017-12-01T06:53:12Z
2018-07-11,Ben,21,14,2017-12-01T06:53:12Z
2018-07-11,Ben,4,1,2017-12-01T06:53:12Z
2018-07-11,Ben,21,12,2017-12-01T06:53:12Z
2018-07-12,Ben,18,16,2017-12-01T06:53:12Z
2018-07-13,Ben,12,7,2017-12-01T06:53:12Z
2018-07-13,Dylan,6,6,2017-12-01T06:53:12Z
2018-07-13,Ben,4,3,2017-12-01T06:53:12Z
2018-07-13,Dylan,12,21,2017-12-01T06:53:12Z
2018-07-13,Dylan,12,19,2017-12-01T06:53:12Z
2018-07-14,Dylan,12,16,2017-12-01T06:53:12Z
2018-07-14,Ben,14,3,2017-12-01T06:53:13Z
2018-07-14,Dylan,5,20,2017-12-01T06:53:13Z
2018-07-14,Ben,18,11,2017-12-01T06:53:13Z
2018-07-14,Ben,17,11,2017-12-01T06:53:13Z
2018-07-15,Dylan,1,2,2017-12-01T06:53:13Z
2018-07-15,Ben,16,2,2017-12-01T06:53:13Z
2018-07-15,Ben,21,13,2017-12-01T06:53:13Z
2018-07-15,Dylan,3,17,2017-12-01T06:53:13Z
2018-07-15,Dylan,1,8,2017-12-01T06:53:13Z
2018-07-16,Dylan,2,4,2017-12-01T06:53:13Z
2018-07-16,Ben,11,4,2017-12-01T06:53:13Z
2018-07-16,Ben,15,3,2017-12-01T06:53:13Z
2018-07-16,Ben,11,10,2017-12-01T06:53:13Z
2018-07-16,Ben,19,9,2017-12-01T06:53:13Z
2018-07-16,Dylan,3,8,2017-12-01T06:53:13Z
2018-07-17,Dylan,11,13,2017-12-01T06:53:13Z
2018-07-18,Dylan,4,6,2017-12-01T06:53:13Z
2018-07-18,Dylan,8,18,2017-12-01T06:53:13Z
2018-07-18,Dylan,20,21,2017-12-01T06:53:13Z
2018-07-18,Ben,14,8,2017-12-01T06:53:13Z
2018-07-18,Ben,7,2,2017-12-01T06:53:13Z
2018-07-19,Dylan,12,20,2017-12-01T06:53:13Z
2018-07-19,Ben,6,3,2017-12-01T06:53:13Z
2018-07-19,Ben,8,3,2017-12-01T06:53:13Z
2018-07-19,Ben,8,3,2017-12-01T06:53:13Z
2018-07-19,Dylan,12,19,2017-12-01T06:53:13Z
2018-07-20,Dylan,4,14,2017-12-01T06:53:13Z
2018-07-20,Ben,20,18,2017-12-01T06:53:13Z
2018-07-20,Dylan,11,14,2017-12-01T06:53:13Z
2018-07-20,Ben,11,9,2017-12-01T06:53:13Z
2018-07-20,Dylan,11,17,2017-12-01T06:53:13Z
2018-07-21,Dylan,4,19,2017-12-01T06:53:13Z
2018-07-21,Ben,10,1,2017-12-01T06:53:13Z
2018-07-21,Ben,11,6,2017-12-01T06:53:13Z
2018-07-21,Dylan,1,11,2017-12-01T06:53:13Z
2018-07-22,Dylan,9,10,2017-12-01T06:53:13Z
2018-07-22,Ben,18,16,2017-12-01T06:53:13Z
2018-07-22,Dylan,7,8,2017-12-01T06:53:13Z
2018-07-22,Ben,6,4,2017-12-01T06:53:13Z
2018-07-22,Dylan,3,13,2017-12-01T06:53:13Z
2018-07-22,Dylan,5,11,2017-12-01T06:53:13Z
2018-07-22,Ben,19,17,2017-12-01T06:53:13Z
2018-07-23,Ben,17,5,2017-12-01T06:53:13Z
2018-07-24,Dylan,20,21,2017-12-01T06:53:13Z
2018-07-24,Ben,13,2,2017-12-01T06:53:13Z
2018-07-24,Dylan,11,14,2017-12-01T06:53:13Z
2018-07-24,Ben,6,2,2017-12-01T06:53:13Z
2018-07-24,Dylan,11,19,2017-12-01T06:53:13Z
2018-07-25,Dylan,5,7,2017-12-01T06:53:13Z
2018-07-25,Ben,20,3,2017-12-01T06:53:13Z
2018-07-25,Dylan,7,16,2017-12-01T06:53:13Z
2018-07-25,Dylan,4,6,2017-12-01T06:53:13Z
2018-07-25,Dylan,4,21,2017-12-01T06:53:13Z
2018-07-25,Dylan,7,18,2017-12-01T06:53:13Z
2018-07-25,Dylan,8,21,2017-12-01T06:53:13Z
2018-07-26,Ben,11,10,2017-12-01T06:53:13Z
2018-07-26,Dylan,2,6,2017-12-01T06:53:13Z
2018-07-26,Dylan,8,11,2017-12-01T06:53:13Z
2018-07-26,Ben,20,13,2017-12-01T06:53:13Z
2018-07-26,Dylan,2,9,2017-12-01T06:53:13Z
2018-07-26,Ben,15,8,2017-12-01T06:53:13Z
2018-07-27,Ben,6,1,2017-12-01T06:53:13Z
2018-07-27,Ben,20,11,2017-12-01T06:53:13Z
2018-07-27,Dylan,11,19,2017-12-01T06:53:13Z
2018-07-28,Ben,19,14,2017-12-01T06:53:13Z
2018-07-28,Dylan,6,16,2017-12-01T06:53:14Z
2018-07-28,Ben,18,11,2017-12-01T06:53:14Z
2018-07-28,Ben,19,12,2017-12-01T06:53:14Z
2018-07-28,Dylan,4,17,2017-12-01T06:53:14Z
2018-07-28,Ben,11,9,2017-12-01T06:53:14Z
2018-07-28,Dylan,14,18,2017-12-01T06:53:14Z
2018-07-29,Ben,7,2,2017-12-01T06:53:14Z
2018-07-30,Ben,8,4,2017-12-01T06:53:14Z
2018-07-30,Dylan,10,20,2017-12-01T06:53:14Z
2018-07-30,Dylan,3,11,2017-12-01T06:53:14Z
2018-07-30,Dylan,1,9,2017-12-01T06:53:14Z
2018-07-30,Ben,9,6,2017-12-01T06:53:14Z
2018-07-31,Dylan,13,17,2017-12-01T06:53:14Z
2018-07-31,Dylan,15,15,2017-12-01T06:53:14Z
2018-07-31,Dylan,8,21,2017-12-01T06:53:14Z
2018-07-31,Dylan,10,10,2017-12-01T06:53:14Z
2018-08-01,Ben,17,3,2017-12-01T06:53:14Z
2018-08-01,Dylan,2,10,2017-12-01T06:53:14Z
2018-08-01,Dylan,7,9,2017-12-01T06:53:14Z
2018-08-01,Ben,16,2,2017-12-01T06:53:14Z
2018-08-01,Dylan,4,13,2017-12-01T06:53:14Z
2018-08-01,Dylan,2,2,2017-12-01T06:53:14Z
2018-08-02,Dylan,8,9,2017-12-01T06:53:14Z
2018-08-02,Ben,21,1,2017-12-01T06:53:14Z
2018-08-02,Ben,7,6,2017-12-01T06:53:14Z
2018-08-03,Ben,20,3,2017-12-01T06:53:14Z
2018-08-03,Ben,19,6,2017-12-01T06:53:14Z
2018-08-03,Ben,7,3,2017-12-01T06:53:14Z
2018-08-03,Ben,19,1,2017-12-01T06:53:14Z
2018-08-03,Ben,12,5,2017-12-01T06:53:14Z
2018-08-03,Dylan,1,14,2017-12-01T06:53:14Z
2018-08-04,Dylan,6,20,2017-12-01T06:53:14Z
2018-08-04,Dylan,5,11,2017-12-01T06:53:14Z
2018-08-04,Ben,7,6,2017-12-01T06:53:14Z
2018-08-05,Dylan,2,14,2017-12-01T06:53:14Z
2018-08-06,Ben,5,1,2017-12-01T06:53:14Z
2018-08-06,Dylan,6,21,2017-12-01T06:53:14Z
2018-08-06,Dylan,6,20,2017-12-01T06:53:14Z
2018-08-06,Ben,21,9,2017-12-01T06:53:14Z
2018-08-06,Dylan,3,19,2017-12-01T06:53:14Z
2018-08-06,Dylan,5,10,2017-12-01T06:53:14Z
2018-08-07,Ben,21,5,2017-12-01T06:53:14Z
2018-08-07,Dylan,3,13,2017-12-01T06:53:14Z
2018-08-07,Dylan,10,19,2017-12-01T06:53:14Z
2018-08-07,Dylan,11,21,2017-12-01T06:53:14Z
2018-08-08,Dylan,15,16,2017-12-01T06:53:14Z
2018-08-09,Dylan,17,20,2017-12-01T06:53:14Z
2018-08-10,Ben,19,8,2017-12-01T06:53:14Z
2018-08-10,Dylan,1,18,2017-12-01T06:53:14Z
2018-08-10,Dylan,3,13,2017-12-01T06:53:14Z
2018-08-10,Ben,10,8,2017-12-01T06:53:14Z
2018-08-11,Ben,17,8,2017-12-01T06:53:14Z
2018-08-12,Dylan,16,19,2017-12-01T06:53:14Z
2018-08-12,Ben,10,5,2017-12-01T06:53:14Z
2018-08-12,Ben,20,4,2017-12-01T06:53:14Z
2018-08-12,Ben,5,2,2017-12-01T06:53:14Z
2018-08-12,Ben,19,16,2017-12-01T06:53:14Z
2018-08-12,Ben,9,5,2017-12-01T06:53:14Z
2018-08-13,Ben,17,9,2017-12-01T06:53:14Z
2018-08-13,Dylan,18,20,2017-12-01T06:53:14Z
2018-08-13,Ben,21,9,2017-12-01T06:53:14Z
2018-08-14,Dylan,5,21,2017-12-01T06:53:14Z
2018-08-14,Ben,20,13,2017-12-01T06:53:14Z
2018-08-14,Dylan,4,21,2017-12-01T06:53:14Z
2018-08-14,Dylan,4,9,2017-12-01T06:53:15Z
2018-08-14,Ben,3,1,2017-12-01T06:53:15Z
2018-08-14,Ben,21,5,2017-12-01T06:53:15Z
2018-08-15,Ben,20,3,2017-12-01T06:53:15Z
2018-08-15,Ben,14,2,2017-12-01T06:53:15Z
2018-08-15,Ben,10,7,2017-12-01T06:53:15Z
2018-08-15,Ben,13,3,2017-12-01T06:53:15Z
2018-08-15,Dylan,3,20,2017-12-01T06:53:15Z
2018-08-15,Ben,14,6,2017-12-01T06:53:15Z
2018-08-15,Ben,21,9,2017-12-01T06:53:15Z
2018-08-16,Dylan,12,21,2017-12-01T06:53:15Z
2018-08-16,Ben,19,13,2017-12-01T06:53:15Z
2018-08-17,Ben,12,7,2017-12-01T06:53:15Z
2018-08-17,Ben,21,4,2017-12-01T06:53:15Z
2018-08-18,Ben,18,2,2017-12-01T06:53:15Z
2018-08-18,Dylan,11,13,2017-12-01T06:53:15Z
2018-08-18,Dylan,4,4,2017-12-01T06:53:15Z
2018-08-18,Dylan,2,12,2017-12-01T06:53:15Z
2018-08-18,Ben,17,4,2017-12-01T06:53:15Z
2018-08-18,Ben,18,13,2017-12-01T06:53:15Z
2018-08-19,Ben,14,10,2017-12-01T06:53:15Z
2018-08-20,Dylan,15,19,2017-12-01T06:53:15Z
2018-08-20,Ben,21,8,2017-12-01T06:53:15Z
2018-08-20,Ben,21,8,2017-12-01T06:53:15Z
2018-08-20,Dylan,3,19,2017-12-01T06:53:15Z
2018-08-20,Dylan,3,4,2017-12-01T06:53:15Z
2018-08-20,Ben,21,11,2017-12-01T06:53:15Z
2018-08-21,Dylan,17,18,2017-12-01T06:53:15Z
2018-08-21,Ben,13,8,2017-12-01T06:53:15Z
2018-08-21,Ben,21,3,2017-12-01T06:53:15Z
2018-08-21,Ben,21,1,2017-12-01T06:53:15Z
2018-08-22,Ben,9,3,2017-12-01T06:53:15Z
2018-08-22,Ben,21,13,2017-12-01T06:53:15Z
2018-08-22,Ben,20,5,2017-12-01T06:53:15Z
2018-08-22,Ben,16,14,2017-12-01T06:53:15Z
2018-08-22,Ben,10,4,2017-12-01T06:53:15Z
2018-08-22,Dylan,11,21,2017-12-01T06:53:15Z
2018-08-22,Ben,18,12,2017-12-01T06:53:15Z
2018-08-23,Ben,13,12,2017-12-01T06:53:15Z
2018-08-23,Ben,13,6,2017-12-01T06:53:15Z
2018-08-24,Dylan,5,5,2017-12-01T06:53:15Z
2018-08-24,Ben,13,12,2017-12-01T06:53:15Z
2018-08-25,Ben,3,2,2017-12-01T06:53:15Z
2018-08-25,Dylan,12,12,2017-12-01T06:53:15Z
2018-08-25,Dylan,7,18,2017-12-01T06:53:15Z
2018-08-26,Dylan,7,15,2017-12-01T06:53:15Z
2018-08-26,Dylan,8,19,2017-12-01T06:53:15Z
2018-08-26,Ben,19,12,2017-12-01T06:53:15Z
2018-08-26,Dylan,4,7,2017-12-01T06:53:15Z
2018-08-27,Dylan,7,12,2017-12-01T06:53:15Z
2018-08-27,Dylan,3,20,2017-12-01T06:53:15Z
2018-08-27,Ben,19,6,2017-12-01T06:53:15Z
2018-08-27,Ben,10,9,2017-12-01T06:53:15Z
2018-08-28,Dylan,2,6,2017-12-01T06:53:15Z
2018-08-28,Ben,11,3,2017-12-01T06:53:15Z
2018-08-28,Dylan,2,12,2017-12-01T06:53:15Z
2018-08-29,Dylan,8,11,2017-12-01T06:53:15Z
2018-08-29,Ben,21,11,2017-12-01T06:53:15Z
2018-08-29,Dylan,13,16,2017-12-01T06:53:15Z
2018-08-29,Ben,14,4,2017-12-01T06:53:15Z
2018-08-29,Dylan,12,19,2017-12-01T06:53:15Z
2018-08-29,Ben,11,3,2017-12-01T06:53:15Z
2018-08-30,Dylan,1,3,2017-12-01T06:53:16Z
2018-08-31,Ben,15,10,2017-12-01T06:53:16Z
2018-08-31,Dylan,13,19,2017-12-01T06:53:16Z
2018-09-01,Dylan,11,13,2017-12-01T06:53:16Z
2018-09-01,Dylan,10,17,2017-12-01T06:53:16Z
2018-09-01,Ben,17,16,2017-12-01T06:53:16Z
2018-09-01,Dylan,8,21,2017-12-01T06:53:16Z
2018-09-01,Ben,21,1,2017-12-01T06:53:16Z
2018-09-02,Ben,18,9,2017-12-01T06:53:16Z
2018-09-02,Dylan,13,18,2017-12-01T06:53:16Z
2018-09-02,Dylan,3,11,2017-12-01T06:53:16Z
2018-09-02,Ben,9,7,2017-12-01T06:53:16Z
2018-09-02,Ben,19,4,2017-12-01T06:53:16Z
2018-09-02,Dylan,6,13,2017-12-01T06:53:16Z
2018-09-02,Dylan,4,5,2017-12-01T06:53:16Z
2018-09-03,Dylan,7,18,2017-12-01T06:53:16Z
2018-09-03,Dylan,10,16,2017-12-01T06:53:16Z
2018-09-04,Dylan,2,16,2017-12-01T06:53:16Z
2018-09-05,Dylan,5,18,2017-12-01T06:53:16Z
2018-09-05,Dylan,1,21,2017-12-01T06:53:16Z
2018-09-05,Dylan,17,18,2017-12-01T06:53:16Z
2018-09-05,Ben,16,13,2017-12-01T06:53:16Z
2018-09-05,Dylan,1,13,2017-12-01T06:53:16Z
2018-09-06,Ben,19,17,2017-12-01T06:53:16Z
2018-09-06,Ben,9,5,2017-12-01T06:53:16Z
2018-09-06,Ben,5,2,2017-12-01T06:53:16Z
2018-09-06,Dylan,5,14,2017-12-01T06:53:16Z
2018-09-06,Dylan,14,20,2017-12-01T06:53:16Z
2018-09-06,Dylan,3,18,2017-12-01T06:53:16Z
2018-09-07,Ben,7,4,2017-12-01T06:53:16Z
2018-09-07,Ben,12,10,2017-12-01T06:53:16Z
2018-09-07,Dylan,3,19,2017-12-01T06:53:16Z
2018-09-07,Ben,14,7,2017-12-01T06:53:16Z
2018-09-08,Dylan,4,19,2017-12-01T06:53:16Z
2018-09-09,Ben,13,2,2017-12-01T06:53:16Z
2018-09-09,Ben,14,13,2017-12-01T06:53:16Z
2018-09-09,Ben,19,18,2017-12-01T06:53:16Z
2018-09-09,Dylan,5,10,2017-12-01T06:53:16Z
2018-09-09,Dylan,5,19,2017-12-01T06:53:16Z
2018-09-09,Dylan,10,11,2017-12-01T06:53:16Z
2018-09-09,Ben,12,10,2017-12-01T06:53:16Z
2018-09-10,Ben,13,2,2017-12-01T06:53:16Z
2018-09-10,Dylan,16,21,2017-12-01T06:53:16Z
2018-09-11,Ben,11,9,2017-12-01T06:53:16Z
2018-09-11,Ben,8,3,2017-12-01T06:53:16Z
2018-09-11,Ben,11,1,2017-12-01T06:53:16Z
2018-09-11,Ben,8,3,2017-12-01T06:53:16Z
2018-09-12,Dylan,2,21,2017-12-01T06:53:16Z
2018-09-13,Ben,16,7,2017-12-01T06:53:16Z
2018-09-13,Dylan,2,17,2017-12-01T06:53:16Z
2018-09-13,Dylan,8,15,2017-12-01T06:53:16Z
2018-09-14,Ben,21,19,2017-12-01T06:53:16Z
2018-09-14,Dylan,5,16,2017-12-01T06:53:16Z
2018-09-14,Dylan,11,14,2017-12-01T06:53:16Z
2018-09-14,Ben,18,6,2017-12-01T06:53:16Z
2018-09-14,Ben,19,7,2017-12-01T06:53:16Z
2018-09-14,Dylan,2,21,2017-12-01T06:53:16Z
2018-09-15,Ben,4,2,2017-12-01T06:53:16Z
2018-09-16,Dylan,5,7,2017-12-01T06:53:16Z
2018-09-16,Dylan,6,6,2017-12-01T06:53:16Z
2018-09-16,Ben,11,5,2017-12-01T06:53:16Z
2018-09-17,Ben,12,11,2017-12-01T06:53:16Z
2018-09-17,Dylan,20,21,2017-12-01T06:53:16Z
2018-09-17,Ben,21,7,2017-12-01T06:53:16Z
2018-09-17,Ben,15,2,2017-12-01T06:53:17Z
2018-09-18,Ben,15,2,2017-12-01T06:53:17Z
2018-09-19,Dylan,12,20,2017-12-01T06:53:17Z
2018-09-19,Ben,20,7,2017-12-01T06:53:17Z
2018-09-19,Ben,21,7,2017-12-01T06:53:17Z
2018-09-19,Dylan,17,20,2017-12-01T06:53:17Z
2018-09-20,Dylan,2,5,2017-12-01T06:53:17Z
2018-09-20,Dylan,10,19,2017-12-01T06:53:17Z
2018-09-20,Dylan,3,15,2017-12-01T06:53:17Z
2018-09-20,Dylan,10,14,2017-12-01T06:53:17Z
2018-09-20,Ben,15,8,2017-12-01T06:53:17Z
2018-09-21,Dylan,14,21,2017-12-01T06:53:17Z
2018-09-21,Dylan,11,21,2017-12-01T06:53:17Z
2018-09-21,Dylan,5,20,2017-12-01T06:53:17Z
2018-09-21,Ben,21,12,2017-12-01T06:53:17Z
2018-09-21,Dylan,4,6,2017-12-01T06:53:17Z
2018-09-21,Ben,3,1,2017-12-01T06:53:17Z
2018-09-21,Ben,9,3,2017-12-01T06:53:17Z
2018-09-22,Dylan,17,20,2017-12-01T06:53:17Z
2018-09-22,Ben,17,5,2017-12-01T06:53:17Z
2018-09-22,Ben,20,9,2017-12-01T06:53:17Z
2018-09-22,Dylan,8,15,2017-12-01T06:53:17Z
2018-09-22,Dylan,1,3,2017-12-01T06:53:17Z
2018-09-22,Ben,7,3,2017-12-01T06:53:17Z
2018-09-22,Dylan,11,11,2017-12-01T06:53:17Z
2018-09-23,Dylan,16,21,2017-12-01T06:53:17Z
2018-09-23,Ben,12,3,2017-12-01T06:53:17Z
2018-09-23,Dylan,7,15,2017-12-01T06:53:17Z
2018-09-23,Ben,11,6,2017-12-01T06:53:17Z
2018-09-23,Ben,19,12,2017-12-01T06:53:17Z
2018-09-23,Ben,17,16,2017-12-01T06:53:17Z
2018-09-23,Ben,13,3,2017-12-01T06:53:17Z
2018-09-24,Dylan,6,10,2017-12-01T06:53:17Z
2018-09-25,Ben,16,4,2017-12-01T06:53:17Z
2018-09-25,Dylan,7,8,2017-12-01T06:53:17Z
2018-09-26,Ben,19,16,2017-12-01T06:53:17Z
2018-09-26,Ben,19,7,2017-12-01T06:53:17Z
2018-09-26,Ben,21,6,2017-12-01T06:53:17Z
2018-09-26,Dylan,4,15,2017-12-01T06:53:17Z
2018-09-26,Ben,21,6,2017-12-01T06:53:17Z
2018-09-26,Ben,15,13,2017-12-01T06:53:17Z
2018-09-26,Dylan,6,9,2017-12-01T06:53:17Z
2018-09-27,Ben,9,5,2017-12-01T06:53:17Z
2018-09-27,Dylan,2,14,2017-12-01T06:53:17Z
2018-09-27,Dylan,1,7,2017-12-01T06:53:17Z
2018-09-27,Ben,12,3,2017-12-01T06:53:17Z
2018-09-27,Ben,10,6,2017-12-01T06:53:17Z
2018-09-27,Ben,20,7,2017-12-01T06:53:17Z
2018-09-28,Dylan,5,18,2017-12-01T06:53:17Z
2018-09-28,Ben,15,1,2017-12-01T06:53:17Z
2018-09-28,Dylan,1,6,2017-12-01T06:53:17Z
2018-09-28,Dylan,19,21,2017-12-01T06:53:17Z
2018-09-29,Dylan,1,17,2017-12-01T06:53:17Z
2018-09-29,Dylan,8,12,2017-12-01T06:53:17Z
2018-09-30,Ben,16,12,2017-12-01T06:53:17Z
2018-09-30,Ben,20,6,2017-12-01T06:53:17Z
2018-09-30,Ben,19,14,2017-12-01T06:53:17Z
2018-09-30,Ben,6,4,2017-12-01T06:53:17Z
2018-09-30,Ben,9,2,2017-12-01T06:53:17Z
2018-09-30,Dylan,16,20,2017-12-01T06:53:17Z
2018-09-30,Dylan,16,19,2017-12-01T06:53:17Z
2018-10-01,Dylan,6,10,2017-12-01T06:53:17Z
2018-10-01,Dylan,1,11,2017-12-01T06:53:17Z
2018-10-01,Ben,16,2,2017-12-01T06:53:18Z
2018-10-01,Dylan,5,19,2017-12-01T06:53:18Z
2018-10-01,Dylan,17,19,2017-12-01T06:53:18Z
2018-10-01,Ben,20,2,2017-12-01T06:53:18Z
2018-10-02,Dylan,4,14,2017-12-01T06:53:18Z
2018-10-02,Dylan,4,4,2017-12-01T06:53:18Z
2018-10-02,Ben,21,9,2017-12-01T06:53:18Z
2018-10-02,Ben,14,2,2017-12-01T06:53:18Z
2018-10-03,Dylan,6,21,2017-12-01T06:53:18Z
2018-10-03,Dylan,4,21,2017-12-01T06:53:18Z
2018-10-03,Ben,11,4,2017-12-01T06:53:18Z
2018-10-03,Dylan,4,14,2017-12-01T06:53:18Z
2018-10-03,Dylan,3,8,2017-12-01T06:53:18Z
2018-10-04,Ben,10,4,2017-12-01T06:53:18Z
2018-10-04,Dylan,1,12,2017-12-01T06:53:18Z
2018-10-04,Ben,17,3,2017-12-01T06:53:18Z
2018-10-04,Dylan,9,9,2017-12-01T06:53:18Z
2018-10-05,Dylan,16,17,2017-12-01T06:53:18Z
2018-10-05,Ben,19,14,2017-12-01T06:53:18Z
2018-10-05,Ben,21,2,2017-12-01T06:53:18Z
2018-10-05,Ben,16,7,2017-12-01T06:53:18Z
2018-10-05,Ben,10,7,2017-12-01T06:53:18Z
2018-10-06,Ben,12,4,2017-12-01T06:53:18Z
2018-10-06,Dylan,4,13,2017-12-01T06:53:18Z
2018-10-07,Dylan,8,10,2017-12-01T06:53:18Z
2018-10-07,Dylan,11,19,2017-12-01T06:53:18Z
2018-10-07,Ben,20,18,2017-12-01T06:53:18Z
2018-10-07,Dylan,4,15,2017-12-01T06:53:18Z
2018-10-07,Dylan,1,5,2017-12-01T06:53:18Z
2018-10-07,Ben,3,1,2017-12-01T06:53:18Z
2018-10-08,Ben,21,4,2017-12-01T06:53:18Z
2018-10-08,Dylan,2,13,2017-12-01T06:53:18Z
2018-10-08,Dylan,3,15,2017-12-01T06:53:18Z
2018-10-09,Ben,20,4,2017-12-01T06:53:18Z
2018-10-09,Ben,5,3,2017-12-01T06:53:18Z
2018-10-09,Dylan,1,3,2017-12-01T06:53:18Z
2018-10-10,Ben,20,17,2017-12-01T06:53:18Z
2018-10-11,Ben,14,9,2017-12-01T06:53:18Z
2018-10-11,Ben,15,9,2017-12-01T06:53:18Z
2018-10-11,Ben,21,8,2017-12-01T06:53:18Z
2018-10-11,Dylan,11,16,2017-12-01T06:53:18Z
2018-10-12,Dylan,11,13,2017-12-01T06:53:18Z
2018-10-12,Ben,12,7,2017-12-01T06:53:18Z
2018-10-13,Ben,19,12,2017-12-01T06:53:18Z
2018-10-13,Ben,18,11,2017-12-01T06:53:18Z
2018-10-13,Dylan,8,9,2017-12-01T06:53:18Z
2018-10-13,Dylan,11,19,2017-12-01T06:53:18Z
2018-10-13,Dylan,11,18,2017-12-01T06:53:18Z
2018-10-14,Ben,17,5,2017-12-01T06:53:18Z
2018-10-14,Ben,10,1,2017-12-01T06:53:18Z
2018-10-14,Ben,19,17,2017-12-01T06:53:18Z
2018-10-14,Dylan,15,15,2017-12-01T06:53:18Z
2018-10-14,Dylan,3,13,2017-12-01T06:53:18Z
2018-10-14,Dylan,4,11,2017-12-01T06:53:18Z
2018-10-15,Dylan,3,9,2017-12-01T06:53:18Z
2018-10-15,Dylan,12,16,2017-12-01T06:53:18Z
2018-10-15,Ben,8,1,2017-12-01T06:53:18Z
2018-10-15,Dylan,8,21,2017-12-01T06:53:18Z
2018-10-15,Dylan,11,11,2017-12-01T06:53:18Z
2018-10-15,Ben,20,3,2017-12-01T06:53:18Z
2018-10-15,Dylan,7,11,2017-12-01T06:53:18Z
2018-10-16,Dylan,18,19,2017-12-01T06:53:18Z
2018-10-16,Dylan,8,17,2017-12-01T06:53:18Z
2018-10-16,Ben,12,8,2017-12-01T06:53:19Z
2018-10-17,Ben,9,2,2017-12-01T06:53:19Z
2018-10-18,Dylan,8,15,2017-12-01T06:53:19Z
2018-10-18,Ben,3,1,2017-12-01T06:53:19Z
2018-10-18,Ben,11,4,2017-12-01T06:53:19Z
2018-10-18,Dylan,12,21,2017-12-01T06:53:19Z
2018-10-18,Dylan,2,2,2017-12-01T06:53:19Z
2018-10-18,Dylan,3,12,2017-12-01T06:53:19Z
2018-10-18,Dylan,15,19,2017-12-01T06:53:19Z
2018-10-19,Ben,12,3,2017-12-01T06:53:19Z
2018-10-19,Dylan,5,16,2017-12-01T06:53:19Z
2018-10-19,Ben,16,4,2017-12-01T06:53:19Z
2018-10-19,Dylan,15,17,2017-12-01T06:53:19Z
2018-10-19,Dylan,7,20,2017-12-01T06:53:19Z
2018-10-19,Dylan,2,14,2017-12-01T06:53:19Z
2018-10-20,Ben,14,12,2017-12-01T06:53:19Z
2018-10-21,Dylan,11,14,2017-12-01T06:53:19Z
2018-10-21,Dylan,14,21,2017-12-01T06:53:19Z
2018-10-21,Dylan,18,21,2017-12-01T06:53:19Z
2017-11-30,Ben,1,0,2017-12-01T07:44:56Z
2017-11-30,Ben,1,0,2017-12-01T07:45:00Z
